{
  "settings": {
    "SPEED_MULTIPLIER": 1,
    "GUARD_INTERVAL": 1.5
  },
  "mrt_station_groups": {
    "taipei_metro": {
      "BR Wenhu Line": {
        "BR01 Taipei Zoo": [24.998360552959557, 121.5794238881449],
        "BR02 Muzha": [24.998290055695765, 121.57312606136249],
        "BR03 Wanfang Community": [24.99860486211003, 121.56808216732104],
        "BR04 Wanfang Hospital": [24.999429483931856, 121.55815688333165],
        "BR05 Xinhai": [25.005514037028952, 121.55709266352873],
        "BR06 Linguang": [25.01851325573626, 121.5588280527307],
        "BR07 Liuzhangli": [25.02381112866794, 121.55315630432507],
        "BR08 Technology Building": [25.02606915148715, 121.5434566270051],
        "BR09 Daan": [25.032913561362623, 121.54359600854349],
        "BR10 Zhongxiao Fuxing": [25.040996720832375, 121.54378379119929],
        "BR11 Nanjing Fuxing": [25.05230829228846, 121.5440707875415],
        "BR12 Zhongshan Junior High School": [25.06077787870338, 121.54422172291595],
        "BR13 Songshan Airport": [25.06289257021725, 121.55176917331296],
        "BR14 Dazhi": [25.079597903512408, 121.54730830825694],
        "BR15 Jiannan Road": [25.084891298696952, 121.55558828730109],
        "BR16 Xihu": [25.08214145313809, 121.56724943701822],
        "BR17 Gangqian": [25.080059543052965, 121.57521023342326],
        "BR18 Wende": [25.07853513485776, 121.58495603982247],
        "BR19 Neihu": [25.083501155882693, 121.59413000412931],
        "BR20 Dahu Park": [25.083809670554118, 121.60221149987369],
        "BR21 Huzhou": [25.07263530808802, 121.60737634953033],
        "BR22 Donghu": [25.067444115047852, 121.61154730563118],
        "BR23 Nangang Software Park": [25.06002398078552, 121.6158495687848],
        "BR24 Taipei Nangang Exhibition Center": [25.055339598724775, 121.61779837679096]
      },
      "R Tamsui-Xinyi Line": {
        "R02 Xiangshan": [25.032771891686327, 121.57008613967218],
        "R03 Taipei 101 World Trade Center": [25.032939584778376, 121.56276230228411],
        "R04 Xinyi Anhe": [25.03313157475265, 121.55295346381361],
        "R05 Daan": [25.03334786691313, 121.5436032830988],
        "R06 Daan Park": [25.033483964548374, 121.53531532845987],
        "R07 Dongmen": [25.03389418793493, 121.52871652082587],
        "R08 Chiang Kai-shek Memorial Hall": [25.032671466343814, 121.5183097517617],
        "R09 NTU Hospital": [25.04139412019124, 121.51607470429157],
        "R10 Taipei Main Station": [25.04628335840618, 121.51754991928267],
        "R11 Zhongshan": [25.052676441200784, 121.52039090120617],
        "R12 Shuanglian": [25.057780412634067, 121.52069122758452],
        "R13 Minquan West Road": [25.062151934108073, 121.5196638699254],
        "R14 Yuanshan": [25.071497911830154, 121.52014415467657],
        "R15 Jiantan": [25.084245616614577, 121.52496912465284],
        "R16 Shilin": [25.093476876594682, 121.52624034433892],
        "R17 Zhishan": [25.102901244308317, 121.52256035343217],
        "R18 Mingde": [25.10983861484749, 121.51874897925092],
        "R19 Shipai": [25.11429983540868, 121.5157029001111],
        "R20 Qilian": [25.120862953530203, 121.50617372939503],
        "R21 Qiyan": [25.125512888750976, 121.50107508386527],
        "R22 Beitou": [25.13181844895036, 121.49858402848905],
        "R22A Xinbeitou": [25.136971177130814, 121.50223719731659],
        "R23 Fuxinggang": [25.1374895353439, 121.48533915889148],
        "R24 Zhongyi": [25.130895406067157, 121.47334834640287],
        "R25 Guandu": [25.125603333755635, 121.46708448916588],
        "R26 Zhuwei": [25.137084873127385, 121.4594908755584],
        "R27 Hongshulin": [25.154680102170353, 121.45884005254716],
        "R28 Tamsui": [25.167704591922288, 121.44570094817647]
      },
      "G Songshan-Xindian Line": {
        "G01 Xindian": [24.957839906040647, 121.53758318213865],
        "G02 Xindian District Office": [24.96785954317384, 121.5415287113076],
        "G03 Qizhang": [24.975173405346602, 121.54291809559828],
        "G03A Xiaobitan": [24.971732258433708, 121.5307104488867],
        "G04 Dapinglin": [24.982930360895356, 121.54133408818073],
        "G05 Jingmei": [24.992844374476494, 121.54077718431536],
        "G06 Wanlong": [25.00168820905158, 121.53906403779298],
        "G07 Gongguan": [25.014913879858657, 121.53421996832536],
        "G08 Taipower Building": [25.020069099195688, 121.52886627911388],
        "G09 Guting": [25.026528453326755, 121.52275905971983],
        "G10 Chiang Kai-shek Memorial Hall": [25.03265893830803, 121.51832134489219],
        "G11 Xiaonanmen": [25.03560434498191, 121.51077794946691],
        "G12 Ximen": [25.0422074687163, 121.5083047632912],
        "G13 Beimen": [25.04929359723837, 121.51026266326244],
        "G14 Zhongshan": [25.052662499273435, 121.52039900857457],
        "G15 Songjiang Nanjing": [25.052032978656154, 121.53300341517057],
        "G16 Nanjing Fuxing": [25.051835105220203, 121.54403550945268],
        "G17 Taipei Arena": [25.051670433377655, 121.5518695984189],
        "G18 Nanjing Sanmin": [25.05143230456145, 121.56384566160361],
        "G19 Songshan": [25.050022961136122, 121.57749810621563]
      },
      "O Zhonghe-Xinlu Line": {
        "O01 Nanshijiao": [24.990095238765047, 121.50906398887629],
        "O02 Jingan": [24.993513321831518, 121.50497630238067],
        "O03 Yongan Market": [25.002425357919005, 121.51087306908228],
        "O04 Dingxi": [25.01381368645053, 121.51550354277774],
        "O05 Guting": [25.026528112219516, 121.52277456125182],
        "O06 Dongmen": [25.033894952009327, 121.52871592248383],
        "O07 Zhongxiao Xinsheng": [25.0423642920581, 121.53287400630204],
        "O08 Songjiang Nanjing": [25.052023432332827, 121.53300945785706],
        "O09 Xingtian Temple": [25.059723735092284, 121.5331679086678],
        "O10 Zhongshan Elementary School": [25.06267843796174, 121.52646977028702],
        "O11 Minquan West Road": [25.062897107659893, 121.51932436546088],
        "O12 Daqiaotou": [25.063177733198447, 121.513571027072],
        "O13 Taipei Bridge": [25.0631705360351, 121.5004508325165],
        "O14 Cailiao": [25.059824854510808, 121.49145202134397],
        "O15 Sanchong": [25.055750006257, 121.48422400351645],
        "O16 Xianse Temple": [25.046335076177293, 121.471452547896],
        "O17 Touqianzhuang": [25.038996665917665, 121.46057182598527],
        "O18 Xinzhuang": [25.036163095967883, 121.45255470325588],
        "O19 Fu Jen University": [25.032742235912274, 121.43531221069617],
        "O20 Danfeng": [25.028844801878474, 121.42248519340401],
        "O21 Huilong": [25.02206570174572, 121.41156278745315],
        "O50 Sanchong": [25.07047224419971, 121.49668585622108],
        "O51 Sanhe Junior High School": [25.076816514300322, 121.4864599521471],
        "O52 St. Ignatius High School": [25.080517732802523, 121.48001757336309],
        "O53 Sanmin Senior High School": [25.08548133530719, 121.47336666618507],
        "O54 Luzhou": [25.091573649891163, 121.46444832127509]
      },
      "BL Bannan Line": {
        "BL01 Dingpu": [24.959803342985857, 121.41948139463375],
        "BL02 Yongning": [24.966720123788896, 121.4360641519657],
        "BL03 Tucheng": [24.973065339015683, 121.44430503094891],
        "BL04 Haishan": [24.985369548598925, 121.44881238501532],
        "BL05 Far Eastern Hospital": [24.99847786629865, 121.45264369440869],
        "BL06 Fuzhong": [25.008581157507084, 121.45936809308142],
        "BL07 Banqiao": [25.01380655370697, 121.46246054665595],
        "BL08 Xinpu": [25.02377584897766, 121.4683925127658],
        "BL09 Jiangzicui": [25.029929853154908, 121.47231582664988],
        "BL10 Longshan Temple": [25.035281855147147, 121.49979731217114],
        "BL11 Ximen": [25.042191681268662, 121.50829214316646],
        "BL12 Taipei Main Station": [25.046269535316156, 121.51755389380145],
        "BL13 Shandao Temple": [25.04479966708444, 121.52332501602424],