{
  "settings": {
    "SPEED_MULTIPLIER": 1,
    "GUARD_INTERVAL": 1.5
  },
  "mrt_stations": {
    "R28 淡水": [25.167750, 121.445680],
    "R27 紅樹林": [25.154694928983307, 121.45884475842847],
    "R26 竹圍": [25.137145799313487, 121.45950390212653],
    "R25 關渡": [25.125542554766437, 121.46701734260503],
    "R24 忠義": [25.130898983242325, 121.47329655489598],
    "R23 復興崗": [25.13749670997073, 121.48546370283852],
    "R22 北投": [25.131863132962785, 121.4986104616547],
    "R21 奇岩": [25.125604033813964, 121.50110961625234],
    "R20 唭哩岸": [25.12087328217332, 121.50613886359262],
    "R19 石牌": [25.114353123894897, 121.51567639781912],
    "R18 明德": [25.109807943560874, 121.51877952593375],
    "R17 芝山": [25.103004340681363, 121.52253460596806],
    "R16 士林": [25.093548592726187, 121.52622145305493],
    "R15 劍潭": [25.08431452897093, 121.52496609312297],
    "R14 圓山": [25.071413743223196, 121.52014004630233],
    "R13 O11民權西路": [25.062914707259196, 121.51931492740057],
    "R12 雙連": [25.057779205126074, 121.52070753662007],
    "R11 G14 中山": [25.0526641727261, 121.52038950156751],
    "R10 BL12 台北車站": [25.04627474580625, 121.51755721197844],
    "R09 台大醫院": [25.04134628654874, 121.51606478884925],
    "R08 G10 中正紀念堂": [25.032665600455697, 121.51830908215024],
    "G09 古亭": [25.026518537125707, 121.52276776219085],
    "G08 台電大樓": [25.020104056713667, 121.52885366986932],
    "G07 公館": [25.01491854891066, 121.5342177405953],
    "G06 萬隆": [25.001690566311513, 121.53906705318697],
    "G06 景美": [24.99284102416971, 121.54079170630078],
    "Y07 G04 大坪林": [24.982930733597488, 121.54134249909056], 
    "G03 七張": [24.975169632256797, 121.54292355488569], 
    "G02 新店區公所": [24.967872231710945, 121.54152476721222], 
    "G01 新店": [24.957816744151824, 121.53757519155039], 
    "O12 大橋頭": [25.063171049778543, 121.51359478022086],
    "O13 台北橋": [25.063198235896085, 121.50046123123906],
    "O14 菜寮": [25.05990875727499, 121.49144808053386],
    "O50 三重國小": [25.070476489208996, 121.4966956432019]
  }
}